model_type,horizon,per_model,total
LSTM,1,0.18397777777777777,827.9
CNNLSTM,1,0.20664444444444446,929.9
fine_tuned,1,1.0919333333333334,268.2
LSTM,3,0.0678,305.1
CNNLSTM,3,0.07748888888888888,348.7
fine_tuned,3,0.3224222222222222,78.0
LSTM,7,0.03211111111111111,144.5
CNNLSTM,7,0.04153333333333333,186.9
fine_tuned,7,0.12306666666666666,28.9
